{
  "ANDHRA PRADESH HUB": [
    16.5062,
    80.648
  ],
  "BIHAR HUB": [
    25.5941,
    85.1376
  ],
  "MAHARASHTRA HUB": [
    18.5204,
    73.8567
  ],
  "AURANGABAD_BH": [
    24.75242,
    84.373291
  ],
  "JAGDISHPUR_BH": [
    25.239549,
    86.93631
  ],
  "KHARAGPUR_BH": [
    25.132982,
    86.524849
  ],
  "NOKHA_BH": [
    25.08316,
    84.093164
  ],
  "RANIGANJ_BH": [
    26.085092,
    87.235511
  ],
  "ASHTA_MH": [
    20.779217,
    78.284846
  ],
  "BHADRAVATI_MH": [
    20.117631,
    79.14296
  ],
  "ADDANKI": [
    15.811029,
    79.97379
  ],
  "ADONI": [
    15.626142,
    77.27237
  ],
  "AMALAPURAM": [
    16.577718,
    82.003262
  ],
  "ANAKAPALLE": [
    17.68897,
    83.003476
  ],
  "ANANTAPUR": [
    14.678322,
    77.606504
  ],
  "ANGALLU": [
    13.629383,
    78.485016
  ],
  "BADVEL": [
    14.743361,
    79.061039
  ],
  "BAPATLA": [
    15.93443,
    80.450552
  ],
  "BHIMAVARAM": [
    16.542769,
    81.527344
  ],
  "BOBBILI": [
    18.57482,
    83.352259
  ],
  "BUCHIREDDYPALEM": [
    16.936952,
    80.447091
  ],
  "CHILAKALURIPET": [
    16.09495,
    80.165878
  ],
  "CHIMAKURTHY": [
    15.704707,
    79.845401
  ],
  "CHITTOOR": [
    13.325036,
    79.648061
  ],
  "CUDDAPAH": [
    14.49566,
    78.834928
  ],
  "DHONE": [
    15.396972,
    77.871848
  ],
  "ELURU": [
    16.710426,
    81.115382
  ],
  "GIDDALUR": [
    15.378404,
    78.926523
  ],
  "GUDIVADA": [
    16.433041,
    80.993686
  ],
  "GUDUR": [
    14.146952,
    79.847802
  ],
  "GUNTAKAL": [
    15.163811,
    77.376135
  ],
  "GUNTUR": [
    16.291519,
    80.454159
  ],
  "HINDUPUR": [
    13.830613,
    77.492635
  ],
  "IBRAHIMPATNAM": [
    16.65027,
    80.494605
  ],
  "JAGGAIAHPET": [
    15.9129,
    79.74
  ],
  "JAMMALAMADUGU": [
    14.847346,
    78.382172
  ],
  "JANGAREDDYGUDEM": [
    17.123821,
    81.295963
  ],
  "KADIRI": [
    14.10823,
    78.161069
  ],
  "KADIYAM": [
    16.913479,
    81.817379
  ],
  "KAKINADA": [
    16.943738,
    82.235061
  ],
  "KANDUKUR": [
    15.221982,
    79.906521
  ],
  "KANIGIRI": [
    15.406434,
    79.506628
  ],
  "KAVALI": [
    14.913585,
    79.99269
  ],
  "KODURU": [
    17.585565,
    82.736581
  ],
  "KOVUR": [
    14.503609,
    79.98684
  ],
  "KOVVUR": [
    17.015932,
    81.710919
  ],
  "KURNOOL": [
    15.830925,
    78.042537
  ],
  "MACHERLA": [
    16.470524,
    79.438775
  ],
  "MACHILIPATNAM": [
    16.181737,
    81.134818
  ],
  "MADANAPALLE": [
    13.555824,
    78.501494
  ],
  "MANDAPETA": [
    16.86347,
    81.930094
  ],
  "MANGALAGIRI": [
    16.431821,
    80.568807
  ],
  "MARKAPUR": [
    15.74067,
    79.26985
  ],
  "NAGARI": [
    13.320631,
    79.585294
  ],
  "NAIDUPETA": [
    18.301676,
    83.872904
  ],
  "NANDIGAMA": [
    16.773473,
    80.285528
  ],
  "NANDYAL": [
    15.473629,
    78.480659
  ],
  "NARASAPUR": [
    16.444191,
    81.699788
  ],
  "NARASARAOPET": [
    16.238924,
    80.047288
  ],
  "NELLORE": [
    14.449372,
    79.987376
  ],
  "NIDADAVOLE": [
    16.905131,
    81.654062
  ],
  "NUZVID": [
    16.790701,
    80.84761
  ],
  "ONGOLE": [
    15.505871,
    80.049945
  ],
  "PALAKOLLU": [
    16.517995,
    81.725327
  ],
  "PALAMANER": [
    13.149038,
    78.729276
  ],
  "PARIGI": [
    13.883964,
    77.464424
  ],
  "PARVATHIPURAM": [
    18.783186,
    83.427876
  ],
  "PENUKONDA": [
    14.084681,
    77.596654
  ],
  "PIDUGURALLA": [
    16.482233,
    79.885695
  ],
  "PILER": [
    13.662599,
    78.928078
  ],
  "PITHAPURAM": [
    17.113343,
    82.254333
  ],
  "PONNUR": [
    16.081146,
    80.536992
  ],
  "PRODDATUR": [
    14.755595,
    78.550153
  ],
  "PULIVENDULA": [
    14.415452,
    78.228863
  ],
  "PUNGANUR": [
    13.404284,
    78.556702
  ],
  "RAJAHMUNDRY": [
    17.005045,
    81.780473
  ],
  "RAJAM": [
    18.449756,
    83.656468
  ],
  "RAJAMPET": [
    14.19871,
    79.111034
  ],
  "RAMACHANDRAPURAM": [
    16.818555,
    82.06415
  ],
  "RAYACHOTI": [
    14.062987,
    78.715323
  ],
  "SALUR": [
    18.517553,
    83.205039
  ],
  "SAMALKOT": [
    17.045316,
    82.168989
  ],
  "SATTENAPALLE": [
    16.392539,
    80.148934
  ],
  "SINGARAYAKONDA": [
    15.250743,
    80.021281
  ],
  "SRIKAKULAM": [
    18.294931,
    83.893884
  ],
  "SRIKALAHASTI": [
    13.751803,
    79.700229
  ],
  "TADEPALLI": [
    16.479941,
    80.617026
  ],
  "TADEPALLIGUDEM": [
    16.810244,
    81.526592
  ],
  "TADIPATRI": [
    14.906956,
    78.009707
  ],
  "TANUKU": [
    16.752918,
    81.676046
  ],
  "TENALI": [
    16.237773,
    80.646422
  ],
  "TIRUPATHI": [
    16.954528,
    81.256569
  ],
  "TUNI": [
    17.361467,
    82.546796
  ],
  "VIJAYAWADA": [
    16.511531,
    80.616047
  ],
  "VINUKONDA": [
    16.050657,
    79.74772
  ],
  "VISAKHAPATNAM": [
    17.693553,
    83.29213
  ],
  "VIZIANAGARAM": [
    18.114126,
    83.411439
  ],
  "VUYYURU": [
    16.364966,
    80.842613
  ],
  "ARARIA": [
    26.134646,
    87.465406
  ],
  "ARRAH": [
    25.560317,
    84.663214
  ],
  "BAGAHA": [
    27.059011,
    84.206464
  ],
  "BAKHTIYARPUR": [
    25.458623,
    85.536902
  ],
  "BANKA": [
    24.832827,
    86.816111
  ],
  "BARAUNI": [
    25.431454,
    86.028375
  ],
  "BARBIGHA": [
    25.206965,
    85.771471
  ],
  "BARH": [
    25.450977,
    85.700249
  ],
  "BEGUSARAI": [
    25.512541,
    86.088339
  ],
  "BENIPATTI": [
    26.443473,
    85.910481
  ],
  "BETTIAH": [
    26.8023,
    84.5074
  ],
  "BHABHUA": [
    25.0961,
    85.3131
  ],
  "BHAGALPUR": [
    25.286135,
    87.130423
  ],
  "BIDUPUR": [
    25.63816,
    85.351699
  ],
  "BIHARIGANJ": [
    25.740988,
    86.975785
  ],
  "BIHARSHARIF": [
    25.203832,
    85.524134
  ],
  "BIHTA": [
    25.561037,
    84.872341
  ],
  "BIKRAMGANJ": [
    25.218393,
    84.232448
  ],
  "BIRPUR": [
    25.526797,
    86.09499
  ],
  "BUXAR": [
    25.504483,
    84.109752
  ],
  "CHAPRA": [
    25.773344,
    84.784977
  ],
  "CHORSUA": [
    25.111302,
    85.527423
  ],
  "DALSINGHSARAI": [
    25.672706,
    85.812367
  ],
  "DANAPUR": [
    25.63589,
    85.047404
  ],
  "DARBHANGA": [
    26.08299,
    86.032495
  ],
  "DAUDNAGAR": [
    25.043984,
    84.43229
  ],
  "DEHRI ON SONE": [
    24.914273,
    84.186221
  ],
  "DUMRAON": [
    25.523835,
    84.159953
  ],
  "FATWAH": [
    25.476326,
    85.237853
  ],
  "FORBESHGANJ": [
    25.0961,
    85.3131
  ],
  "GAYA": [
    24.796436,
    85.007956
  ],
  "GOGRI JAMALPUR": [
    25.0961,
    85.3131
  ],
  "GOPALGANJ": [
    26.421117,
    84.373913
  ],
  "HAJIPUR": [
    25.69057,
    85.209035
  ],
  "HARNAUT": [
    25.371682,
    85.540618
  ],
  "JAHANABAD": [
    25.238535,
    85.021988
  ],
  "JALLEY": [
    26.387739,
    85.734352
  ],
  "JAMALPUR": [
    25.313877,
    86.489717
  ],
  "JAMUI": [
    24.756251,
    86.301113
  ],
  "JAYNAGAR": [
    26.590277,
    86.135652
  ],
  "JEHANABAD": [
    25.152958,
    85.006504
  ],
  "JHAJHA": [
    24.772858,
    86.3863
  ],
  "JHANJHARPUR": [
    26.287153,
    86.340392
  ],
  "KAHALGAON": [
    25.26519,
    87.283541
  ],
  "KANTI": [
    26.181947,
    85.271109
  ],
  "KATIHAR": [
    25.558642,
    87.64572
  ],
  "KHAGARIA": [
    25.493051,
    86.698226
  ],
  "KISHANGANJ": [
    26.298414,
    87.946671
  ],
  "KOCHAS": [
    25.221268,
    83.920522
  ],
  "KUDRA": [
    25.126599,
    83.7631
  ],
  "LAKHISARAI": [
    25.154394,
    86.174496
  ],
  "MADHEPURA": [
    25.780612,
    86.936475
  ],
  "MADHUBANI": [
    26.350308,
    86.229642
  ],
  "MAHUA": [
    25.8019,
    85.426303
  ],
  "MANER": [
    25.659598,
    84.91047
  ],
  "MASAURHI": [
    25.351647,
    84.987348
  ],
  "MIRGANJ": [
    26.365964,
    84.337362
  ],
  "MOTIHARI": [
    26.650689,
    84.911465
  ],
  "MUNGER": [
    25.220286,
    86.516148
  ],
  "MUZAFFARPUR": [
    26.148255,
    85.33161
  ],
  "NABINAGAR": [
    24.642785,
    84.096821
  ],